1787023534,0, 24755, 0, 0, 49.49, 1380, 877, 49, Not Active
1787023535,0, 24951, 100, 49, 250.17, 1357, 877, 54, Active
1787023536,0, 24951, 99, 48, 253.75, 1365, 877, 56, Active
1787023537,0, 24951, 100, 49, 51.17, 1380, 877, 55, Not Active
1787023538,0, 25143, 100, 48, 245.33, 1365, 877, 58, Active
1787023539,0, 25143, 100, 47, 232.05, 1380, 877, 59, Not Active
1787023541,0, 25143, 100, 47, 235.66, 1372, 877, 59, Active
1787023542,0, 25143, 99, 45, 236.25, 1380, 877, 60, Not Active
1787023543,0, 25143, 100, 45, 234.79, 1365, 877, 61, Not Active
1787023544,0, 25143, 99, 44, 243.33, 1380, 877, 61, Not Active
1787023545,0, 25143, 100, 45, 253.38, 1365, 877, 61, Not Active
1787023546,0, 25143, 74, 29, 235.80, 1380, 877, 61, Not Active
1787023547,0, 25143, 100, 44, 218.46, 1365, 877, 62, Not Active
1787023548,0, 25143, 100, 44, 234.82, 1380, 877, 63, Not Active
1787023549,0, 25143, 100, 44, 244.07, 1357, 877, 63, Not Active
1787023550,0, 25143, 100, 43, 239.01, 1372, 877, 63, Not Active
1787023551,0, 25143, 99, 41, 251.25, 1365, 877, 64, Active
1787023552,0, 25143, 100, 44, 226.65, 1372, 877, 64, Active
1787023553,0, 25143, 100, 42, 217.67, 1372, 877, 64, Active
1787023554,0, 25143, 100, 41, 251.29, 1380, 877, 65, Not Active
1787023556,0, 25143, 100, 43, 191.93, 1372, 877, 65, Active
1787023557,0, 25143, 100, 43, 212.54, 1365, 877, 66, Not Active
1787023558,0, 25143, 100, 42, 196.47, 1365, 877, 66, Active
1787023559,0, 25143, 100, 40, 185.24, 1365, 877, 66, Not Active
1787023560,0, 25143, 100, 42, 250.38, 1372, 877, 67, Not Active
1787023561,0, 25143, 99, 38, 216.57, 1372, 877, 67, Active
1787023562,0, 25143, 76, 28, 207.65, 1380, 877, 67, Not Active
1787023563,0, 25143, 100, 38, 215.07, 1357, 877, 68, Not Active
1787023564,0, 25143, 100, 40, 191.45, 1350, 877, 68, Active
1787023565,0, 25143, 100, 40, 144.93, 1380, 877, 67, Not Active
1787023566,0, 25143, 99, 38, 209.02, 1372, 877, 69, Active
1787023567,0, 25143, 100, 39, 189.11, 1350, 877, 69, Active
1787023568,0, 25143, 100, 38, 190.11, 1365, 877, 69, Not Active
1787023569,0, 25143, 100, 38, 238.83, 1357, 877, 70, Active
1787023571,0, 25143, 100, 39, 238.29, 1372, 877, 70, Active
1787023572,0, 25143, 100, 38, 214.29, 1372, 877, 70, Active
1787023573,0, 25143, 76, 18, 205.33, 1380, 877, 69, Not Active
1787023574,0, 25143, 99, 37, 194.39, 1372, 877, 71, Active
1787023575,0, 25143, 100, 38, 173.35, 1372, 877, 71, Not Active
1787023576,0, 25143, 100, 37, 188.22, 1357, 877, 72, Not Active
1787023577,0, 25143, 100, 37, 220.17, 1357, 877, 71, Not Active
1787023578,0, 25143, 100, 37, 182.69, 1357, 877, 72, Not Active
1787023579,0, 25143, 100, 37, 233.98, 1372, 877, 72, Active
1787023580,0, 25143, 100, 38, 166.40, 1372, 877, 72, Not Active
1787023581,0, 25143, 100, 38, 168.83, 1372, 877, 73, Not Active
1787023582,0, 25143, 100, 38, 173.12, 1372, 877, 73, Active
1787023583,0, 25143, 99, 35, 212.89, 1372, 877, 73, Active
1787023584,0, 25143, 64, 15, 127.13, 1380, 877, 72, Not Active
1787023586,0, 25143, 100, 38, 235.13, 1380, 877, 73, Not Active
1787023587,0, 25143, 99, 33, 171.79, 1380, 877, 74, Not Active
1787023588,0, 25143, 99, 36, 230.11, 1372, 877, 74, Active
1787023589,0, 25143, 71, 22, 256.70, 1380, 877, 73, Not Active
1787023590,0, 25143, 96, 35, 204.29, 1380, 877, 74, Not Active
1787023591,0, 25143, 98, 34, 194.65, 1372, 877, 74, Not Active
1787023592,0, 25143, 100, 38, 179.35, 1380, 877, 75, Not Active
1787023593,0, 25143, 64, 14, 204.78, 1380, 877, 73, Not Active
1787023594,0, 25143, 100, 36, 253.33, 1357, 877, 75, Active
1787023595,0, 25143, 100, 34, 248.22, 1372, 877, 75, Active
1787023596,0, 25143, 99, 36, 231.20, 1380, 877, 75, Not Active
1787023597,0, 25143, 44, 9, 192.87, 1380, 877, 74, Not Active
1787023598,0, 25143, 100, 33, 201.08, 1365, 877, 75, Not Active
1787023599,0, 25143, 100, 32, 235.72, 1365, 877, 76, Not Active
1787023600,0, 25143, 100, 36, 253.73, 1372, 877, 76, Active
1787023602,0, 25143, 100, 33, 203.12, 1372, 877, 76, Active
1787023603,0, 25143, 100, 36, 189.46, 1357, 877, 76, Not Active
1787023604,0, 25143, 100, 36, 164.00, 1357, 877, 77, Not Active
1787023605,0, 25143, 100, 33, 194.91, 1365, 877, 77, Not Active
1787023606,0, 25143, 100, 32, 175.46, 1350, 877, 77, Not Active
1787023607,0, 25143, 100, 33, 201.37, 1380, 877, 76, Not Active
1787023608,0, 25143, 100, 35, 185.31, 1372, 877, 77, Active
1787023609,0, 25143, 100, 36, 255.67, 1342, 877, 77, Active
1787023610,0, 25143, 100, 37, 215.30, 1372, 877, 77, Active
1787023611,0, 25143, 72, 14, 90.56, 1380, 877, 76, Not Active
1787023612,0, 25143, 100, 32, 243.44, 1380, 877, 77, Not Active
1787023613,0, 25143, 100, 36, 197.83, 1365, 877, 78, Not Active
1787023614,0, 25143, 100, 31, 173.51, 1372, 877, 78, Active
1787023616,0, 25143, 100, 35, 210.05, 1365, 877, 78, Not Active
1787023617,0, 25143, 100, 31, 243.56, 1357, 877, 77, Active
1787023618,0, 25143, 100, 35, 211.35, 1372, 877, 78, Active
1787023619,0, 25143, 100, 33, 220.91, 1342, 877, 78, Active
1787023620,0, 25143, 100, 33, 258.38, 1372, 877, 78, Not Active
1787023621,0, 25143, 78, 16, 172.44, 1380, 877, 77, Not Active
1787023622,0, 25143, 100, 33, 247.07, 1372, 877, 78, Active
1787023623,0, 25143, 100, 30, 176.44, 1357, 877, 78, Not Active
1787023624,0, 25143, 100, 31, 251.93, 1372, 877, 79, Not Active
1787023625,0, 25143, 100, 32, 149.36, 1350, 877, 79, Not Active
1787023626,0, 25143, 66, 16, 218.67, 1372, 877, 78, Active
1787023627,0, 25143, 99, 32, 190.75, 1380, 877, 78, Not Active
1787023628,0, 25143, 100, 30, 212.15, 1365, 877, 79, Not Active
1787023629,0, 25143, 100, 33, 149.46, 1372, 877, 79, Active
1787023630,0, 25143, 100, 30, 249.61, 1372, 877, 78, Not Active
1787023632,0, 25143, 100, 31, 173.03, 1372, 877, 79, Active
1787023633,0, 25143, 100, 31, 216.86, 1372, 877, 79, Not Active
1787023634,0, 25143, 99, 31, 209.99, 1372, 877, 78, Active
1787023635,0, 25143, 100, 31, 147.70, 1372, 877, 78, Not Active
1787023636,0, 25143, 100, 30, 211.99, 1372, 877, 79, Not Active
1787023637,0, 25143, 100, 34, 240.50, 1372, 877, 79, Active
1787023638,0, 25143, 100, 33, 243.84, 1372, 877, 79, Not Active
1787023639,0, 25143, 99, 30, 236.03, 1372, 877, 79, Not Active
1787023640,0, 25143, 99, 30, 180.85, 1380, 877, 79, Not Active
1787023641,0, 25143, 100, 33, 182.80, 1357, 877, 80, Not Active
1787023642,0, 25143, 100, 31, 193.97, 1365, 877, 79, Not Active
1787023643,0, 25143, 100, 32, 256.99, 1357, 877, 80, Active
1787023644,0, 25143, 99, 29, 181.48, 1380, 877, 79, Not Active
1787023646,0, 25143, 100, 29, 202.50, 1365, 877, 80, Active
1787023647,0, 25143, 100, 31, 235.69, 1372, 877, 80, Not Active
1787023648,0, 25143, 100, 32, 190.34, 1365, 877, 79, Not Active
1787023649,0, 25143, 100, 30, 150.67, 1372, 877, 80, Not Active
1787023650,0, 25143, 100, 32, 212.38, 1380, 877, 80, Not Active
1787023651,0, 25143, 100, 29, 193.16, 1357, 877, 80, Not Active
1787023652,0, 25143, 100, 31, 141.61, 1365, 877, 80, Not Active
1787023653,0, 25143, 100, 31, 236.45, 1380, 877, 79, Not Active
1787023654,0, 25143, 100, 29, 235.46, 1380, 877, 80, Not Active
1787023655,0, 25143, 100, 31, 258.67, 1372, 877, 80, Not Active
1787023656,0, 25143, 100, 31, 257.26, 1372, 877, 80, Active
1787023657,0, 25143, 100, 30, 259.84, 1380, 877, 80, Not Active
1787023658,0, 25143, 62, 12, 198.60, 1380, 877, 78, Not Active
1787023660,0, 25143, 100, 30, 237.23, 1372, 877, 80, Not Active
1787023661,0, 25143, 100, 30, 151.60, 1372, 877, 80, Not Active
1787023662,0, 25143, 100, 30, 189.66, 1357, 877, 80, Not Active
1787023663,0, 25143, 100, 31, 235.71, 1357, 877, 81, Active
1787023664,0, 25143, 100, 30, 89.49, 1372, 877, 80, Active
1787023665,0, 25143, 100, 30, 239.38, 1372, 877, 80, Active
1787023666,0, 25143, 100, 29, 185.31, 1365, 877, 81, Not Active
1787023667,0, 25143, 99, 27, 262.39, 1380, 877, 80, Not Active
1787023668,0, 25143, 100, 31, 215.83, 1372, 877, 81, Not Active
1787023669,0, 25143, 100, 30, 192.77, 1357, 877, 81, Not Active
1787023670,0, 25143, 100, 30, 218.54, 1372, 877, 79, Active
1787023671,0, 25143, 100, 31, 199.32, 1365, 877, 81, Not Active
1787023672,0, 25143, 100, 30, 134.56, 1365, 877, 80, Not Active
1787023673,0, 25143, 100, 30, 254.61, 1372, 877, 80, Not Active
1787023675,0, 25143, 100, 30, 205.52, 1372, 877, 81, Not Active
1787023676,0, 25143, 100, 29, 145.95, 1372, 877, 81, Not Active
1787023677,0, 25143, 100, 30, 254.85, 1380, 877, 81, Not Active
1787023678,0, 25143, 99, 28, 232.33, 1365, 877, 81, Active
1787023679,0, 25143, 100, 30, 188.59, 1372, 877, 81, Active
1787023680,0, 25143, 100, 31, 162.44, 1372, 877, 81, Not Active
1787023681,0, 25143, 100, 29, 163.76, 1372, 877, 81, Active
1787023682,0, 25143, 77, 13, 148.36, 1380, 877, 79, Not Active
1787023683,0, 25143, 100, 30, 142.54, 1372, 877, 81, Active
1787023684,0, 25143, 100, 30, 138.02, 1365, 877, 81, Not Active
1787023685,0, 25143, 99, 29, 188.45, 1372, 877, 81, Not Active
1787023686,0, 25143, 100, 28, 182.51, 1350, 877, 81, Not Active
1787023687,0, 25143, 100, 28, 245.02, 1357, 877, 82, Active
1787023688,0, 25143, 59, 12, 256.09, 1380, 877, 80, Not Active
1787023690,0, 25143, 100, 30, 200.04, 1372, 877, 81, Not Active
1787023691,0, 25143, 100, 28, 158.21, 1372, 877, 81, Active
1787023692,0, 25143, 100, 27, 205.03, 1357, 877, 82, Active
1787023693,0, 25143, 100, 25, 234.70, 1372, 877, 81, Active
1787023694,0, 25143, 100, 27, 171.95, 1372, 877, 81, Not Active
1787023695,0, 25143, 73, 18, 191.12, 1365, 877, 81, Not Active
1787023696,0, 25143, 100, 31, 266.35, 1342, 877, 82, Active
1787023697,0, 25143, 100, 30, 154.79, 1365, 877, 81, Not Active
1787023698,0, 25143, 100, 26, 219.36, 1357, 877, 82, Active
1787023699,0, 25143, 100, 28, 181.45, 1380, 877, 81, Not Active
1787023700,0, 25143, 100, 30, 259.65, 1372, 877, 82, Active
1787023701,0, 25143, 100, 27, 193.84, 1357, 877, 81, Not Active
1787023702,0, 25143, 100, 29, 157.92, 1372, 877, 81, Not Active
1787023703,0, 25143, 100, 30, 259.08, 1357, 877, 81, Active
1787023705,0, 25143, 100, 26, 188.61, 1372, 877, 82, Not Active
1787023706,0, 25143, 100, 31, 124.63, 1380, 877, 81, Not Active
1787023707,0, 25143, 100, 26, 259.77, 1372, 877, 82, Active
1787023708,0, 25143, 72, 18, 245.65, 1365, 877, 81, Active
1787023709,0, 25143, 100, 26, 196.79, 1365, 877, 82, Not Active
1787023710,0, 25143, 100, 27, 193.19, 1365, 877, 82, Not Active
1787023711,0, 25143, 99, 29, 164.78, 1372, 877, 82, Not Active
1787023712,0, 25143, 100, 28, 142.98, 1380, 877, 82, Not Active
1787023713,0, 25143, 100, 28, 143.02, 1380, 877, 82, Not Active
1787023714,0, 25143, 68, 11, 126.63, 1380, 877, 80, Not Active
1787023715,0, 25143, 100, 31, 143.90, 1372, 877, 81, Active
1787023716,0, 25143, 100, 25, 143.17, 1365, 877, 81, Not Active
1787023717,0, 25143, 100, 30, 175.68, 1380, 877, 82, Not Active
1787023718,0, 25143, 100, 31, 210.24, 1372, 877, 81, Active
1787023720,0, 25143, 100, 28, 138.05, 1372, 877, 82, Not Active
1787023721,0, 25143, 70, 16, 176.67, 1380, 877, 80, Not Active
1787023722,0, 25143, 100, 25, 190.07, 1372, 877, 81, Active
1787023723,0, 25143, 99, 25, 229.45, 1380, 877, 82, Not Active
1787023724,0, 25143, 100, 26, 262.47, 1357, 877, 82, Active
1787023725,0, 25143, 100, 28, 207.26, 1372, 877, 81, Active
1787023726,0, 25143, 99, 28, 143.14, 1372, 877, 82, Active
1787023727,0, 25143, 100, 28, 182.51, 1365, 877, 82, Not Active
1787023728,0, 25143, 78, 23, 251.44, 1365, 877, 81, Active
1787023729,0, 25143, 100, 30, 210.73, 1372, 877, 82, Not Active
1787023730,0, 25143, 100, 29, 183.07, 1365, 877, 82, Not Active
1787023731,0, 25143, 99, 28, 225.83, 1357, 877, 82, Active
1787023732,0, 25143, 100, 25, 229.95, 1372, 877, 82, Active
1787023734,0, 25143, 100, 26, 183.95, 1365, 877, 82, Not Active
1787023735,0, 25143, 79, 14, 152.07, 1380, 877, 81, Not Active
1787023736,0, 25143, 100, 26, 183.19, 1365, 877, 82, Not Active
1787023737,0, 25143, 99, 26, 261.70, 1372, 877, 82, Active
1787023738,0, 25143, 100, 25, 132.88, 1372, 877, 82, Not Active
1787023739,0, 25143, 100, 31, 244.38, 1357, 877, 82, Active
1787023740,0, 25143, 99, 29, 182.42, 1372, 877, 82, Not Active
1787023741,0, 25143, 100, 24, 221.78, 1365, 877, 82, Active
1787023742,0, 25143, 71, 17, 185.38, 1365, 877, 81, Not Active
1787023743,0, 25143, 100, 27, 258.00, 1380, 877, 82, Not Active
1787023744,0, 25143, 100, 23, 183.58, 1357, 877, 82, Not Active
1787023745,0, 25143, 100, 28, 145.41, 1380, 877, 81, Not Active
1787023746,0, 25143, 100, 24, 240.65, 1357, 877, 82, Active
1787023747,0, 25143, 100, 29, 183.58, 1357, 877, 82, Not Active
1787023749,0, 25143, 100, 29, 143.22, 1372, 877, 82, Active
1787023750,0, 25143, 100, 23, 209.41, 1380, 877, 82, Not Active
1787023751,0, 25143, 100, 29, 184.95, 1372, 877, 82, Not Active
1787023752,0, 25143, 100, 27, 160.54, 1365, 877, 82, Not Active
1787023753,0, 25143, 100, 29, 150.24, 1380, 877, 82, Not Active
1787023754,0, 25143, 100, 23, 141.95, 1372, 877, 82, Not Active
1787023755,0, 25143, 100, 23, 180.18, 1380, 877, 82, Not Active
1787023756,0, 25143, 66, 18, 186.09, 1380, 877, 81, Not Active
1787023757,0, 25143, 100, 27, 146.44, 1372, 877, 81, Active
1787023758,0, 25143, 100, 23, 148.44, 1380, 877, 82, Not Active
1787023759,0, 25143, 100, 29, 202.40, 1380, 877, 82, Not Active
1787023760,0, 25143, 100, 28, 149.24, 1372, 877, 81, Not Active
1787023761,0, 25143, 100, 28, 176.05, 1372, 877, 82, Not Active
1787023762,0, 25143, 100, 26, 229.91, 1372, 877, 82, Active
1787023763,0, 25143, 82, 14, 186.38, 1380, 877, 81, Not Active
1787023765,0, 25143, 100, 27, 162.24, 1372, 877, 82, Active
1787023766,0, 25143, 100, 30, 191.70, 1380, 877, 82, Not Active
1787023767,0, 25143, 100, 30, 190.44, 1372, 877, 82, Not Active
1787023768,0, 25143, 100, 27, 188.20, 1365, 877, 82, Not Active
1787023769,0, 25143, 100, 25, 185.30, 1357, 877, 82, Not Active
1787023770,0, 25143, 100, 23, 232.76, 1357, 877, 82, Active
1787023771,0, 25143, 68, 11, 186.18, 1380, 877, 81, Not Active
1787023772,0, 25143, 100, 29, 182.22, 1365, 877, 81, Not Active
1787023773,0, 25143, 100, 23, 198.16, 1380, 877, 82, Not Active
1787023774,0, 25143, 100, 23, 238.40, 1357, 877, 82, Active
1787023775,0, 25143, 100, 29, 252.20, 1380, 877, 82, Not Active
1787023776,0, 25143, 100, 26, 200.72, 1372, 877, 81, Active
1787023777,0, 25143, 100, 30, 174.68, 1365, 877, 82, Not Active
1787023778,0, 25143, 64, 17, 141.56, 1380, 877, 81, Not Active
1787023780,0, 25143, 100, 25, 181.90, 1350, 877, 81, Not Active
1787023781,0, 25143, 100, 23, 253.38, 1372, 877, 82, Active
1787023782,0, 25143, 100, 23, 150.82, 1380, 877, 82, Not Active
1787023783,0, 25143, 100, 30, 197.96, 1372, 877, 82, Not Active
1787023784,0, 25143, 100, 31, 207.71, 1372, 877, 82, Active
1787023785,0, 25143, 100, 31, 193.65, 1380, 877, 82, Not Active
1787023786,0, 25143, 100, 22, 262.48, 1380, 877, 82, Not Active
1787023787,0, 25143, 100, 29, 195.53, 1365, 877, 81, Not Active
1787023788,0, 25143, 100, 29, 193.41, 1372, 877, 81, Active
1787023789,0, 25143, 100, 23, 189.88, 1357, 877, 82, Not Active
1787023790,0, 25143, 100, 24, 128.00, 1380, 877, 81, Not Active
1787023791,0, 25143, 100, 31, 190.34, 1380, 877, 82, Not Active
1787023792,0, 25143, 100, 27, 165.84, 1372, 877, 81, Active
1787023793,0, 25143, 100, 27, 186.96, 1357, 877, 82, Not Active
1787023795,0, 25143, 68, 15, 192.29, 1380, 877, 80, Not Active
1787023796,0, 25143, 100, 27, 223.68, 1372, 877, 81, Active
1787023797,0, 25143, 100, 25, 206.10, 1365, 877, 82, Not Active
1787023798,0, 25143, 100, 27, 130.73, 1372, 877, 82, Not Active
1787023799,0, 25143, 100, 27, 219.74, 1380, 877, 82, Not Active
1787023800,0, 25143, 100, 25, 144.78, 1372, 877, 82, Not Active
1787023801,0, 25143, 100, 26, 203.79, 1372, 877, 82, Active
1787023802,0, 25143, 81, 13, 135.59, 1380, 877, 81, Not Active
1787023803,0, 25143, 100, 22, 250.18, 1342, 877, 81, Active
1787023804,0, 25143, 100, 23, 191.61, 1380, 877, 82, Not Active
1787023805,0, 25143, 100, 30, 181.05, 1365, 877, 82, Not Active
1787023806,0, 25143, 100, 29, 182.02, 1380, 877, 82, Not Active
1787023807,0, 25143, 100, 27, 194.94, 1372, 877, 81, Active
1787023808,0, 25143, 100, 25, 245.98, 1372, 877, 82, Active
1787023810,0, 25143, 100, 23, 215.36, 1380, 877, 82, Not Active
1787023811,0, 25143, 68, 11, 199.85, 1380, 877, 80, Not Active
1787023812,0, 25143, 100, 26, 257.46, 1357, 877, 81, Active
1787023813,0, 25143, 100, 25, 229.58, 1357, 877, 82, Active
1787023814,0, 25143, 100, 30, 194.91, 1365, 877, 82, Not Active
1787023815,0, 25143, 100, 30, 190.34, 1365, 877, 82, Not Active
1787023816,0, 25143, 100, 22, 183.97, 1372, 877, 82, Not Active
1787023817,0, 25143, 100, 30, 187.77, 1372, 877, 82, Not Active
1787023818,0, 25143, 66, 17, 168.57, 1380, 877, 80, Not Active
1787023819,0, 25143, 100, 27, 195.60, 1365, 877, 81, Not Active
1787023820,0, 25143, 100, 27, 185.31, 1372, 877, 82, Active
1787023821,0, 25143, 100, 22, 185.72, 1372, 877, 82, Not Active
1787023822,0, 25143, 100, 28, 164.68, 1372, 877, 81, Not Active
1787023823,0, 25143, 100, 31, 186.77, 1372, 877, 82, Active
1787023825,0, 25143, 99, 22, 179.59, 1365, 877, 82, Not Active
1787023826,0, 25143, 100, 30, 183.00, 1365, 877, 82, Not Active
1787023827,0, 25143, 79, 13, 148.49, 1380, 877, 80, Not Active
1787023828,0, 25143, 100, 25, 225.44, 1380, 877, 81, Not Active
1787023829,0, 25143, 100, 23, 227.29, 1380, 877, 81, Not Active
1787023830,0, 25143, 100, 31, 244.14, 1372, 877, 81, Active
1787023831,0, 25143, 99, 22, 116.14, 1380, 877, 81, Not Active
1787023832,0, 25143, 100, 31, 148.29, 1372, 877, 81, Not Active
1787023833,0, 25143, 100, 26, 181.15, 1350, 877, 82, Not Active
1787023834,0, 25143, 100, 29, 229.91, 1357, 877, 82, Active
1787023835,0, 25143, 79, 13, 89.26, 1380, 877, 80, Not Active
1787023836,0, 25143, 100, 28, 186.41, 1357, 877, 81, Not Active
1787023837,0, 25143, 99, 20, 262.00, 1365, 877, 82, Active
1787023838,0, 25143, 100, 31, 200.13, 1380, 877, 81, Not Active
1787023839,0, 25143, 100, 27, 169.65, 1372, 877, 81, Active
1787023841,0, 25143, 100, 30, 188.88, 1372, 877, 82, Not Active
1787023842,0, 25143, 100, 29, 251.64, 1380, 877, 81, Not Active
1787023843,0, 25143, 100, 24, 239.70, 1380, 877, 81, Not Active
1787023844,0, 25143, 66, 10, 240.56, 1380, 877, 79, Not Active
1787023845,0, 25143, 100, 26, 229.03, 1380, 877, 81, Not Active
1787023846,0, 25143, 99, 27, 186.74, 1372, 877, 81, Active
1787023847,0, 25143, 100, 22, 201.27, 1342, 877, 82, Active
1787023848,0, 25143, 100, 21, 259.26, 1380, 877, 81, Not Active
1787023849,0, 25143, 100, 26, 133.95, 1372, 877, 81, Active
1787023850,0, 25143, 100, 24, 190.54, 1372, 877, 82, Active
1787023851,0, 25143, 100, 23, 248.61, 1380, 877, 82, Not Active
1787023852,0, 25143, 66, 10, 239.01, 1380, 877, 78, Not Active
1787023853,0, 25143, 100, 22, 128.98, 1372, 877, 81, Active
1787023854,0, 25143, 99, 26, 207.76, 1372, 877, 81, Not Active
1787023856,0, 25143, 100, 31, 154.54, 1380, 877, 81, Not Active
1787023857,0, 25143, 99, 28, 190.34, 1365, 877, 82, Not Active
1787023858,0, 25143, 100, 23, 205.16, 1372, 877, 81, Active
1787023859,0, 25143, 100, 23, 191.22, 1380, 877, 82, Not Active
1787023860,0, 25143, 100, 23, 165.82, 1372, 877, 81, Active
1787023861,0, 25143, 78, 12, 183.85, 1380, 877, 79, Not Active
1787023862,0, 25143, 100, 24, 188.10, 1372, 877, 81, Not Active
1787023863,0, 25143, 100, 22, 109.72, 1372, 877, 80, Active
1787023864,0, 25143, 100, 26, 187.03, 1372, 877, 81, Not Active
1787023865,0, 25143, 99, 27, 207.03, 1380, 877, 81, Not Active
1787023866,0, 25143, 100, 27, 184.60, 1357, 877, 81, Not Active
1787023867,0, 25143, 99, 22, 149.17, 1380, 877, 81, Not Active
1787023868,0, 25143, 100, 24, 248.78, 1357, 877, 81, Active
1787023869,0, 25143, 78, 13, 103.99, 1380, 877, 80, Not Active
1787023871,0, 25143, 100, 23, 184.24, 1372, 877, 81, Not Active
1787023872,0, 25143, 100, 22, 240.76, 1372, 877, 81, Active
1787023873,0, 25143, 100, 24, 193.46, 1372, 877, 82, Not Active
1787023874,0, 25143, 100, 22, 138.10, 1372, 877, 81, Not Active
1787023875,0, 25143, 100, 25, 262.04, 1380, 877, 81, Not Active
1787023876,0, 25143, 100, 23, 183.16, 1372, 877, 81, Not Active
1787023877,0, 25143, 100, 24, 138.98, 1372, 877, 81, Active
1787023878,0, 25143, 100, 21, 78.28, 1380, 877, 80, Not Active
1787023879,0, 25143, 100, 23, 136.64, 1372, 877, 80, Active
1787023880,0, 25143, 100, 29, 222.46, 1342, 877, 81, Active
1787023881,0, 25143, 100, 22, 185.21, 1380, 877, 81, Not Active
1787023882,0, 25143, 100, 23, 132.78, 1380, 877, 81, Not Active
1787023883,0, 25143, 100, 23, 237.46, 1380, 877, 81, Not Active
1787023884,0, 25143, 100, 24, 195.40, 1357, 877, 81, Not Active
1787023886,0, 25143, 100, 30, 183.97, 1357, 877, 81, Not Active
1787023887,0, 25143, 100, 29, 185.34, 1372, 877, 81, Active
1787023888,0, 25143, 71, 11, 139.76, 1380, 877, 79, Not Active
1787023889,0, 25143, 100, 24, 183.68, 1372, 877, 81, Not Active
1787023890,0, 25143, 100, 29, 131.61, 1372, 877, 81, Active
1787023891,0, 25143, 100, 22, 173.12, 1380, 877, 81, Not Active
1787023892,0, 25143, 100, 22, 152.25, 1380, 877, 80, Not Active
1787023893,0, 25143, 100, 24, 215.15, 1372, 877, 81, Not Active
1787023894,0, 25143, 100, 29, 197.45, 1380, 877, 81, Not Active
1787023895,0, 25143, 100, 28, 182.80, 1365, 877, 81, Not Active
1787023896,0, 25143, 100, 22, 138.63, 1380, 877, 79, Not Active
1787023897,0, 25143, 100, 28, 257.61, 1365, 877, 81, Active
1787023898,0, 25143, 100, 22, 219.41, 1342, 877, 81, Active
1787023899,0, 25143, 100, 29, 196.01, 1365, 877, 81, Not Active
1787023900,0, 25143, 100, 28, 182.39, 1365, 877, 81, Not Active
1787023902,0, 25143, 100, 24, 188.52, 1372, 877, 81, Active
1787023903,0, 25143, 100, 24, 181.83, 1365, 877, 81, Not Active
1787023904,0, 25143, 100, 24, 186.64, 1372, 877, 81, Active
1787023905,0, 25143, 100, 24, 189.17, 1372, 877, 81, Active
1787023906,0, 25143, 76, 12, 143.66, 1380, 877, 80, Not Active
1787023907,0, 25143, 100, 26, 238.63, 1380, 877, 81, Not Active
1787023908,0, 25143, 100, 23, 241.72, 1380, 877, 80, Not Active
1787023909,0, 25143, 100, 24, 115.08, 1380, 877, 81, Not Active
1787023910,0, 25143, 100, 29, 158.92, 1380, 877, 81, Not Active
1787023911,0, 25143, 100, 24, 129.65, 1372, 877, 81, Active
1787023912,0, 25143, 100, 25, 179.29, 1380, 877, 81, Not Active
1787023913,0, 25143, 100, 21, 186.41, 1372, 877, 81, Active
1787023914,0, 25143, 100, 24, 125.37, 1380, 877, 81, Not Active
1787023915,0, 25143, 73, 11, 201.86, 1380, 877, 80, Not Active
1787023917,0, 25143, 100, 25, 192.90, 1357, 877, 81, Not Active
1787023918,0, 25143, 100, 22, 213.71, 1380, 877, 81, Not Active
1787023919,0, 25143, 100, 30, 228.74, 1342, 877, 81, Active
1787023920,0, 25143, 100, 22, 176.86, 1380, 877, 80, Not Active
1787023921,0, 25143, 100, 30, 228.37, 1380, 877, 81, Not Active
1787023922,0, 25143, 100, 24, 165.91, 1372, 877, 80, Active
1787023923,0, 25143, 100, 28, 184.95, 1380, 877, 81, Not Active
1787023924,0, 25143, 100, 24, 186.50, 1380, 877, 81, Not Active
1787023925,0, 25143, 100, 24, 149.66, 1372, 877, 80, Active
1787023926,0, 25143, 100, 30, 183.00, 1372, 877, 81, Not Active
1787023927,0, 25143, 99, 21, 194.46, 1372, 877, 81, Not Active
1787023928,0, 25143, 100, 26, 257.57, 1380, 877, 81, Not Active
1787023929,0, 25143, 99, 21, 136.93, 1380, 877, 80, Not Active
1787023930,0, 25143, 100, 21, 185.02, 1372, 877, 81, Active
1787023932,0, 25143, 100, 27, 211.45, 1380, 877, 81, Not Active
1787023933,0, 25143, 100, 22, 230.37, 1380, 877, 80, Not Active
1787023934,0, 25143, 100, 24, 130.05, 1380, 877, 80, Not Active
1787023935,0, 25143, 100, 25, 224.85, 1380, 877, 80, Not Active
1787023936,0, 25143, 100, 21, 160.55, 1372, 877, 80, Active
1787023937,0, 25143, 99, 21, 194.75, 1365, 877, 81, Not Active
1787023938,0, 25143, 100, 25, 250.26, 1380, 877, 80, Not Active
1787023939,0, 25143, 99, 21, 168.38, 1380, 877, 80, Not Active
1787023940,0, 25143, 100, 24, 187.71, 1372, 877, 81, Active
1787023941,0, 25143, 99, 22, 198.70, 1380, 877, 79, Not Active
1787023942,0, 25143, 100, 27, 139.56, 1380, 877, 81, Not Active
1787023943,0, 25143, 100, 24, 184.04, 1380, 877, 81, Not Active
1787023944,0, 25143, 100, 26, 189.56, 1380, 877, 80, Not Active
1787023945,0, 25143, 100, 24, 201.17, 1380, 877, 81, Not Active
1787023946,0, 25143, 100, 21, 139.02, 1380, 877, 80, Not Active
1787023948,0, 25143, 100, 29, 184.85, 1372, 877, 80, Active
1787023949,0, 25143, 100, 24, 187.07, 1380, 877, 79, Not Active
1787023950,0, 25143, 100, 24, 146.15, 1372, 877, 80, Active
1787023951,0, 25143, 100, 21, 177.84, 1365, 877, 80, Not Active
1787023952,0, 25143, 100, 25, 258.98, 1342, 877, 81, Active
1787023953,0, 25143, 100, 24, 124.49, 1372, 877, 80, Active
1787023954,0, 25143, 63, 9, 126.22, 1380, 877, 79, Not Active
1787023955,0, 25143, 100, 27, 185.28, 1372, 877, 80, Not Active
1787023956,0, 25143, 100, 24, 88.78, 1380, 877, 80, Not Active
1787023957,0, 25143, 100, 24, 186.28, 1372, 877, 81, Active
1787023958,0, 25143, 100, 21, 262.18, 1365, 877, 80, Active
1787023959,0, 25143, 100, 22, 163.90, 1372, 877, 81, Active
1787023960,0, 25143, 100, 27, 224.76, 1380, 877, 81, Not Active
1787023961,0, 25143, 100, 27, 189.46, 1380, 877, 81, Not Active
1787023963,0, 25143, 100, 24, 214.06, 1365, 877, 81, Active
1787023964,0, 25143, 74, 11, 187.62, 1380, 877, 79, Not Active
1787023965,0, 25143, 100, 25, 184.69, 1372, 877, 80, Active
1787023966,0, 25143, 100, 28, 246.76, 1380, 877, 80, Not Active
1787023967,0, 25143, 100, 27, 181.71, 1372, 877, 80, Not Active
1787023968,0, 25143, 100, 26, 237.68, 1380, 877, 80, Not Active
1787023969,0, 25143, 100, 23, 178.98, 1357, 877, 80, Not Active
1787023970,0, 25143, 100, 24, 237.82, 1380, 877, 80, Not Active
1787023971,0, 25143, 100, 23, 185.99, 1372, 877, 80, Active
1787023972,0, 25143, 100, 24, 246.47, 1380, 877, 81, Not Active
1787023973,0, 25143, 74, 12, 102.24, 1380, 877, 79, Not Active
1787023974,0, 25143, 100, 28, 187.52, 1380, 877, 80, Not Active
1787023975,0, 25143, 100, 28, 182.99, 1380, 877, 80, Not Active
1787023976,0, 25143, 100, 26, 198.64, 1372, 877, 81, Active
1787023978,0, 25143, 100, 26, 160.84, 1380, 877, 80, Not Active
1787023979,0, 25143, 100, 27, 233.45, 1380, 877, 80, Not Active
1787023980,0, 25143, 100, 23, 180.86, 1365, 877, 80, Not Active
1787023981,0, 25143, 99, 21, 151.21, 1380, 877, 80, Not Active
1787023982,0, 25143, 100, 27, 254.55, 1380, 877, 80, Not Active
1787023983,0, 25143, 100, 26, 188.68, 1380, 877, 80, Not Active
1787023984,0, 25143, 61, 17, 184.79, 1357, 877, 80, Not Active
1787023985,0, 25143, 100, 24, 161.76, 1372, 877, 80, Active
1787023986,0, 25143, 100, 24, 110.85, 1380, 877, 80, Not Active
1787023987,0, 25143, 100, 24, 195.53, 1372, 877, 80, Not Active
1787023988,0, 25143, 100, 23, 152.75, 1372, 877, 80, Active
1787023989,0, 25143, 100, 24, 126.19, 1380, 877, 80, Not Active
1787023990,0, 25143, 100, 27, 259.18, 1380, 877, 81, Not Active
1787023991,0, 25143, 100, 28, 201.95, 1380, 877, 81, Not Active
1787023992,0, 25143, 100, 24, 189.30, 1380, 877, 80, Not Active
1787023994,0, 25143, 73, 11, 70.46, 1380, 877, 78, Not Active
1787023995,0, 25143, 100, 27, 185.89, 1380, 877, 80, Not Active
1787023996,0, 25143, 100, 27, 193.78, 1372, 877, 80, Active
1787023997,0, 25143, 100, 28, 188.10, 1372, 877, 81, Not Active
1787023998,0, 25143, 100, 24, 188.01, 1380, 877, 80, Not Active
1787023999,0, 25143, 99, 21, 138.49, 1380, 877, 80, Not Active
1787024000,0, 25143, 100, 27, 254.26, 1365, 877, 80, Active
1787024001,0, 25143, 100, 22, 201.37, 1380, 877, 80, Not Active
1787024002,0, 25143, 100, 22, 185.60, 1372, 877, 80, Active
1787024003,0, 25143, 100, 23, 138.20, 1380, 877, 80, Not Active
1787024004,0, 25143, 73, 12, 201.66, 1380, 877, 79, Not Active
1787024005,0, 25143, 100, 23, 181.24, 1365, 877, 80, Not Active
1787024006,0, 25143, 100, 26, 146.05, 1380, 877, 80, Not Active
1787024008,0, 25143, 100, 21, 125.37, 1380, 877, 80, Not Active
1787024009,0, 25143, 100, 23, 257.08, 1380, 877, 80, Not Active
1787024010,0, 25143, 100, 24, 206.10, 1380, 877, 80, Not Active
1787024011,0, 25143, 100, 24, 184.92, 1372, 877, 80, Not Active
1787024012,0, 25143, 100, 22, 182.29, 1372, 877, 80, Active
1787024013,0, 25143, 100, 21, 129.07, 1380, 877, 80, Not Active
1787024014,0, 25143, 59, 7, 187.62, 1380, 877, 79, Not Active
1787024015,0, 25143, 100, 23, 179.76, 1357, 877, 79, Not Active
1787024016,0, 25143, 100, 23, 180.66, 1365, 877, 80, Not Active
1787024017,0, 25143, 99, 20, 185.21, 1380, 877, 80, Not Active
1787024018,0, 25143, 100, 23, 150.92, 1372, 877, 80, Active
1787024019,0, 25143, 100, 23, 113.13, 1380, 877, 80, Not Active
1787024020,0, 25143, 100, 27, 123.71, 1380, 877, 79, Not Active
1787024021,0, 25143, 100, 23, 236.76, 1380, 877, 80, Not Active
1787024023,0, 25143, 100, 23, 244.26, 1380, 877, 79, Not Active
1787024024,0, 25143, 100, 26, 186.28, 1357, 877, 80, Not Active
1787024025,0, 25143, 72, 10, 130.34, 1380, 877, 78, Not Active
1787024026,0, 25143, 100, 24, 124.88, 1380, 877, 79, Not Active
1787024027,0, 25143, 100, 23, 124.78, 1380, 877, 79, Not Active
1787024028,0, 25143, 100, 26, 134.05, 1380, 877, 79, Not Active
1787024029,0, 25143, 100, 22, 126.83, 1372, 877, 80, Active
1787024030,0, 25143, 100, 23, 125.46, 1380, 877, 79, Not Active
1787024031,0, 25143, 100, 25, 143.51, 1380, 877, 80, Not Active
1787024032,0, 25143, 100, 22, 136.56, 1380, 877, 80, Not Active
1787024033,0, 25143, 100, 23, 140.76, 1380, 877, 80, Not Active
1787024034,0, 25143, 100, 24, 132.98, 1380, 877, 80, Not Active
1787024035,0, 25143, 87, 13, 83.84, 1380, 877, 79, Not Active
1787024036,0, 25143, 100, 23, 193.62, 1380, 877, 79, Not Active
1787024038,0, 25143, 100, 26, 201.85, 1380, 877, 79, Not Active
1787024039,0, 25143, 100, 23, 130.44, 1380, 877, 79, Not Active
1787024040,0, 25143, 100, 26, 124.92, 1380, 877, 79, Not Active
1787024041,0, 25143, 100, 22, 124.63, 1380, 877, 80, Not Active
1787024042,0, 25143, 100, 23, 149.95, 1380, 877, 80, Not Active
1787024043,0, 25143, 100, 25, 168.84, 1372, 877, 80, Active
1787024044,0, 25143, 100, 23, 186.67, 1380, 877, 80, Not Active
1787024045,0, 25143, 100, 26, 183.46, 1365, 877, 80, Not Active
1787024046,0, 25143, 78, 13, 131.22, 1380, 877, 79, Not Active
1787024047,0, 25143, 100, 23, 185.11, 1380, 877, 79, Not Active
1787024048,0, 25143, 100, 24, 186.09, 1372, 877, 80, Active
1787024049,0, 25143, 100, 23, 177.25, 1365, 877, 80, Not Active
1787024050,0, 25143, 100, 26, 181.05, 1365, 877, 80, Not Active
1787024051,0, 25143, 100, 23, 185.80, 1380, 877, 80, Not Active
1787024052,0, 25143, 100, 26, 198.45, 1365, 877, 80, Not Active
1787024054,0, 25143, 100, 23, 225.34, 1342, 877, 80, Active
1787024055,0, 25143, 100, 25, 188.35, 1380, 877, 79, Not Active
1787024056,0, 25143, 100, 23, 124.88, 1380, 877, 79, Not Active
1787024057,0, 25143, 63, 11, 69.49, 1380, 877, 78, Not Active
1787024058,0, 25143, 100, 22, 141.56, 1380, 877, 79, Not Active
1787024059,0, 25143, 100, 23, 152.85, 1372, 877, 80, Active
1787024060,0, 25143, 100, 22, 185.21, 1380, 877, 79, Not Active
1787024061,0, 25143, 100, 23, 185.80, 1365, 877, 80, Not Active
1787024062,0, 25143, 100, 22, 191.82, 1357, 877, 80, Not Active
1787024063,0, 25143, 100, 25, 227.14, 1380, 877, 79, Not Active
1787024064,0, 25143, 100, 23, 154.79, 1380, 877, 79, Not Active
1787024065,0, 25143, 100, 27, 187.32, 1380, 877, 80, Not Active
1787024066,0, 25143, 100, 23, 185.82, 1357, 877, 80, Not Active
1787024067,0, 25143, 100, 25, 78.18, 1380, 877, 79, Not Active
1787024069,0, 25143, 100, 25, 259.26, 1380, 877, 79, Not Active
1787024070,0, 25143, 100, 23, 197.48, 1380, 877, 79, Not Active
1787024071,0, 25143, 100, 23, 134.81, 1380, 877, 80, Not Active
1787024072,0, 25143, 100, 22, 183.65, 1372, 877, 80, Active
1787024073,0, 25143, 100, 22, 196.79, 1365, 877, 80, Not Active
1787024074,0, 25143, 100, 23, 195.11, 1380, 877, 79, Not Active
1787024075,0, 25143, 100, 25, 167.48, 1372, 877, 80, Active
1787024076,0, 25143, 99, 21, 186.84, 1380, 877, 80, Not Active
1787024077,0, 25143, 100, 22, 207.56, 1372, 877, 80, Not Active
1787024078,0, 25143, 100, 25, 233.12, 1380, 877, 79, Not Active
1787024079,0, 25143, 70, 9, 185.02, 1380, 877, 78, Not Active
1787024080,0, 25143, 100, 24, 142.44, 1380, 877, 79, Not Active
1787024081,0, 25143, 100, 23, 184.50, 1372, 877, 79, Active
1787024082,0, 25143, 100, 23, 241.14, 1380, 877, 79, Not Active
1787024083,0, 25143, 100, 24, 137.71, 1380, 877, 79, Not Active
1787024085,0, 25143, 99, 21, 186.09, 1380, 877, 79, Not Active
1787024086,0, 25143, 100, 23, 262.77, 1380, 877, 80, Not Active
1787024087,0, 25143, 100, 25, 116.62, 1380, 877, 79, Not Active
1787024088,0, 25143, 100, 25, 180.08, 1372, 877, 79, Not Active
1787024089,0, 25143, 100, 23, 199.23, 1380, 877, 80, Not Active
1787024090,0, 25143, 70, 9, 155.13, 1380, 877, 77, Not Active
1787024091,0, 25143, 100, 23, 152.75, 1372, 877, 79, Active
1787024092,0, 25143, 100, 23, 188.98, 1380, 877, 79, Not Active
1787024093,0, 25143, 100, 22, 131.64, 1380, 877, 78, Not Active
1787024094,0, 25143, 100, 24, 182.12, 1380, 877, 79, Not Active
1787024095,0, 25143, 100, 23, 200.36, 1372, 877, 80, Not Active
1787024096,0, 25143, 100, 23, 182.29, 1380, 877, 79, Not Active
1787024097,0, 25143, 100, 23, 202.40, 1380, 877, 80, Not Active
1787024098,0, 25143, 99, 22, 132.98, 1380, 877, 79, Not Active
1787024100,0, 25143, 100, 22, 188.98, 1372, 877, 79, Active
1787024101,0, 25143, 100, 25, 158.74, 1380, 877, 79, Not Active
1787024102,0, 25143, 70, 9, 165.16, 1380, 877, 78, Not Active
1787024103,0, 25143, 100, 23, 189.17, 1372, 877, 79, Not Active
1787024104,0, 25143, 100, 23, 150.12, 1380, 877, 79, Not Active
1787024105,0, 25143, 100, 24, 184.14, 1372, 877, 79, Active
1787024106,0, 25143, 100, 23, 244.27, 1380, 877, 79, Not Active
1787024107,0, 25143, 100, 23, 180.66, 1372, 877, 79, Active
1787024108,0, 25143, 100, 23, 263.59, 1380, 877, 79, Not Active
1787024109,0, 25143, 100, 22, 165.65, 1372, 877, 80, Active
1787024110,0, 25143, 100, 23, 232.95, 1380, 877, 79, Not Active
1787024111,0, 25143, 100, 24, 186.54, 1380, 877, 80, Not Active
1787024112,0, 25143, 69, 11, 67.65, 1380, 877, 78, Not Active
1787024113,0, 25143, 81, 20, 230.64, 1380, 877, 78, Not Active
1787024115,0, 25143, 100, 22, 193.36, 1380, 877, 79, Not Active
1787024116,0, 25143, 100, 23, 209.90, 1380, 877, 79, Not Active
1787024117,0, 25143, 100, 24, 169.92, 1380, 877, 79, Not Active
1787024118,0, 25143, 100, 23, 219.80, 1350, 877, 80, Active
1787024119,0, 25143, 100, 23, 181.41, 1372, 877, 79, Active
1787024120,0, 25143, 100, 22, 239.48, 1365, 877, 79, Active
1787024121,0, 25143, 100, 23, 142.93, 1372, 877, 79, Active
1787024122,0, 25143, 100, 22, 202.34, 1342, 877, 80, Active
1787024123,0, 25143, 100, 23, 154.70, 1380, 877, 79, Not Active
1787024124,0, 25143, 69, 9, 185.99, 1380, 877, 78, Not Active
1787024125,0, 25143, 100, 23, 233.79, 1380, 877, 79, Not Active
1787024126,0, 25143, 100, 23, 183.68, 1380, 877, 79, Not Active
1787024127,0, 25143, 100, 23, 90.61, 1380, 877, 78, Not Active
1787024128,0, 25143, 100, 23, 178.32, 1365, 877, 79, Not Active
1787024130,0, 25143, 100, 23, 203.86, 1380, 877, 79, Not Active
1787024131,0, 25143, 100, 23, 188.69, 1380, 877, 79, Not Active
1787024132,0, 25143, 100, 22, 135.32, 1372, 877, 79, Active
1787024133,0, 25143, 100, 18, 212.22, 1380, 877, 79, Not Active
1787024134,0, 25143, 100, 23, 177.80, 1372, 877, 79, Not Active
1787024135,0, 25143, 100, 23, 167.47, 1380, 877, 78, Not Active
1787024136,0, 25143, 81, 12, 180.44, 1380, 877, 78, Not Active
1787024137,0, 25143, 100, 24, 237.34, 1380, 877, 78, Not Active
1787024138,0, 25143, 100, 23, 178.91, 1365, 877, 79, Not Active
1787024139,0, 25143, 99, 20, 123.32, 1380, 877, 78, Not Active
1787024140,0, 25143, 100, 23, 181.93, 1357, 877, 79, Not Active
1787024141,0, 25143, 100, 23, 142.34, 1380, 877, 79, Not Active
1787024142,0, 25143, 100, 23, 218.63, 1380, 877, 79, Not Active
1787024143,0, 25143, 100, 23, 182.32, 1372, 877, 79, Not Active
1787024144,0, 25143, 99, 20, 184.92, 1380, 877, 79, Not Active
1787024146,0, 25143, 100, 23, 244.64, 1380, 877, 79, Not Active
1787024147,0, 25143, 100, 23, 177.70, 1372, 877, 79, Not Active
1787024148,0, 25143, 68, 10, 126.14, 1380, 877, 78, Not Active
1787024149,0, 25143, 100, 23, 181.25, 1372, 877, 79, Not Active
1787024150,0, 25143, 100, 23, 130.83, 1372, 877, 79, Active
1787024151,0, 25143, 99, 22, 238.69, 1380, 877, 78, Not Active
1787024152,0, 25143, 100, 23, 185.60, 1372, 877, 79, Active
1787024153,0, 25143, 100, 23, 119.94, 1380, 877, 78, Not Active
1787024154,0, 25143, 100, 23, 253.58, 1380, 877, 79, Not Active
1787024155,0, 25143, 100, 23, 185.70, 1372, 877, 79, Active
1787024156,0, 25143, 99, 20, 180.99, 1380, 877, 79, Not Active
1787024157,0, 25143, 100, 23, 228.89, 1380, 877, 79, Not Active
1787024158,0, 25143, 100, 22, 179.40, 1357, 877, 79, Not Active
1787024159,0, 25143, 68, 8, 168.38, 1380, 877, 78, Not Active
1787024161,0, 25143, 100, 23, 196.57, 1372, 877, 79, Not Active
1787024162,0, 25143, 100, 23, 185.34, 1372, 877, 79, Active
1787024163,0, 25143, 99, 16, 144.00, 1380, 877, 79, Not Active
1787024164,0, 25143, 100, 23, 262.38, 1380, 877, 79, Not Active
1787024165,0, 25143, 100, 23, 187.42, 1380, 877, 79, Not Active
1787024166,0, 25143, 100, 23, 176.63, 1380, 877, 79, Not Active
1787024167,0, 25143, 100, 23, 223.40, 1380, 877, 79, Not Active
1787024168,0, 25143, 100, 22, 231.71, 1380, 877, 78, Not Active
1787024169,0, 25143, 100, 23, 187.91, 1380, 877, 79, Not Active
1787024170,0, 25143, 100, 22, 188.98, 1380, 877, 79, Not Active
1787024171,0, 25143, 67, 8, 70.37, 1380, 877, 77, Not Active
1787024172,0, 25143, 100, 23, 191.41, 1372, 877, 78, Not Active
1787024173,0, 25143, 100, 23, 186.84, 1380, 877, 79, Not Active
1787024174,0, 25143, 100, 23, 153.33, 1380, 877, 79, Not Active
1787024175,0, 25143, 100, 23, 129.56, 1380, 877, 79, Not Active
1787024177,0, 25143, 100, 23, 245.30, 1380, 877, 78, Not Active
1787024178,0, 25143, 100, 22, 250.15, 1380, 877, 78, Not Active
1787024179,0, 25143, 100, 23, 186.25, 1372, 877, 79, Active
1787024180,0, 25143, 100, 23, 184.17, 1380, 877, 79, Not Active
1787024181,0, 25143, 100, 23, 179.79, 1380, 877, 79, Not Active
1787024182,0, 25143, 100, 23, 153.57, 1380, 877, 78, Not Active
1787024183,0, 25143, 63, 10, 186.54, 1380, 877, 78, Not Active
1787024184,0, 25143, 100, 23, 181.02, 1372, 877, 78, Active
1787024185,0, 25143, 100, 21, 189.56, 1380, 877, 79, Not Active
1787024186,0, 25143, 100, 23, 132.10, 1380, 877, 78, Not Active
1787024187,0, 25143, 100, 23, 124.00, 1380, 877, 78, Not Active
1787024188,0, 25143, 100, 23, 253.36, 1380, 877, 78, Not Active
1787024189,0, 25143, 99, 15, 232.79, 1380, 877, 78, Not Active
1787024190,0, 25143, 100, 23, 188.98, 1365, 877, 79, Not Active
1787024192,0, 25143, 100, 23, 182.00, 1372, 877, 79, Active
1787024193,0, 25143, 100, 22, 184.43, 1380, 877, 79, Not Active
1787024194,0, 25143, 100, 21, 125.56, 1380, 877, 78, Not Active
1787024195,0, 25143, 100, 23, 222.33, 1380, 877, 78, Not Active
1787024196,0, 25143, 67, 8, 121.46, 1380, 877, 77, Not Active
1787024197,0, 25143, 100, 23, 177.45, 1372, 877, 78, Not Active
1787024198,0, 25143, 100, 23, 159.67, 1380, 877, 78, Not Active
1787024199,0, 25143, 100, 23, 153.36, 1380, 877, 78, Not Active
1787024200,0, 25143, 100, 23, 119.65, 1380, 877, 78, Not Active
1787024201,0, 25143, 100, 23, 234.79, 1380, 877, 78, Not Active
1787024202,0, 25143, 100, 23, 248.68, 1380, 877, 78, Not Active
1787024203,0, 25143, 100, 23, 208.05, 1380, 877, 79, Not Active
1787024204,0, 25143, 100, 22, 210.31, 1380, 877, 78, Not Active
1787024205,0, 25143, 100, 22, 190.05, 1380, 877, 79, Not Active
1787024206,0, 25143, 100, 23, 178.23, 1365, 877, 79, Not Active
1787024208,0, 25143, 66, 8, 184.99, 1380, 877, 77, Not Active
1787024209,0, 25143, 100, 22, 182.10, 1380, 877, 78, Not Active
1787024210,0, 25143, 100, 23, 128.00, 1380, 877, 78, Not Active
1787024211,0, 25143, 100, 22, 165.13, 1380, 877, 78, Not Active
1787024212,0, 25143, 100, 20, 120.33, 1380, 877, 78, Not Active
1787024213,0, 25143, 100, 23, 220.32, 1380, 877, 78, Not Active
1787024214,0, 25143, 99, 20, 105.46, 1380, 877, 78, Not Active
1787024215,0, 25143, 100, 22, 250.81, 1380, 877, 78, Not Active
1787024216,0, 25143, 100, 23, 264.38, 1380, 877, 79, Not Active
1787024217,0, 25143, 100, 22, 245.31, 1380, 877, 77, Not Active
1787024218,0, 25143, 100, 21, 206.49, 1342, 877, 78, Active
1787024219,0, 25143, 100, 23, 182.80, 1372, 877, 79, Active
1787024220,0, 25143, 100, 14, 91.41, 1380, 877, 76, Not Active
1787024222,0, 25143, 100, 22, 180.37, 1372, 877, 78, Active
1787024223,0, 25143, 100, 24, 182.87, 1372, 877, 78, Active
1787024224,0, 25143, 100, 22, 184.82, 1380, 877, 78, Not Active
1787024225,0, 25143, 100, 23, 181.63, 1372, 877, 78, Active
1787024226,0, 25143, 100, 22, 179.37, 1372, 877, 78, Active
1787024227,0, 25143, 100, 20, 184.23, 1380, 877, 78, Not Active
1787024228,0, 25143, 100, 23, 186.28, 1380, 877, 78, Not Active
1787024229,0, 25143, 100, 23, 183.10, 1380, 877, 78, Not Active
1787024230,0, 25143, 100, 24, 187.09, 1380, 877, 78, Not Active
1787024231,0, 25143, 100, 23, 178.52, 1365, 877, 78, Not Active
1787024232,0, 25143, 75, 13, 77.40, 1380, 877, 77, Not Active
1787024233,0, 25143, 98, 22, 174.88, 1380, 877, 77, Not Active
1787024234,0, 25143, 100, 23, 145.37, 1380, 877, 78, Not Active
1787024235,0, 25143, 100, 23, 163.02, 1372, 877, 78, Active
1787024236,0, 25143, 100, 23, 184.89, 1380, 877, 78, Not Active
1787024238,0, 25143, 100, 22, 192.29, 1380, 877, 78, Not Active
1787024239,0, 25143, 100, 21, 183.46, 1380, 877, 78, Not Active
1787024240,0, 25143, 100, 23, 182.78, 1372, 877, 78, Active
1787024241,0, 25143, 100, 21, 177.12, 1365, 877, 78, Not Active
1787024242,0, 25143, 99, 19, 185.21, 1372, 877, 78, Not Active
1787024243,0, 25143, 100, 21, 183.10, 1372, 877, 78, Not Active
1787024244,0, 25143, 100, 23, 183.68, 1372, 877, 78, Active
1787024245,0, 25143, 65, 8, 137.12, 1380, 877, 75, Not Active
1787024246,0, 25143, 100, 24, 183.46, 1372, 877, 78, Active
1787024247,0, 25143, 100, 23, 190.93, 1380, 877, 78, Not Active
1787024248,0, 25143, 100, 20, 190.76, 1380, 877, 78, Not Active
1787024249,0, 25143, 100, 22, 249.59, 1380, 877, 78, Not Active
1787024250,0, 25143, 100, 20, 204.44, 1380, 877, 78, Not Active
1787024251,0, 25143, 99, 20, 154.50, 1380, 877, 78, Not Active
1787024253,0, 25143, 100, 21, 182.32, 1372, 877, 78, Active
1787024254,0, 25143, 100, 23, 182.39, 1380, 877, 78, Not Active
1787024255,0, 25143, 100, 21, 179.40, 1372, 877, 78, Active
1787024256,0, 25143, 100, 22, 186.02, 1372, 877, 78, Active
1787024257,0, 25143, 100, 21, 181.73, 1372, 877, 79, Not Active
1787024258,0, 25143, 65, 12, 68.33, 1380, 877, 76, Not Active
1787024259,0, 25143, 100, 22, 187.32, 1380, 877, 78, Not Active
1787024260,0, 25143, 100, 24, 195.62, 1372, 877, 78, Not Active
1787024261,0, 25143, 100, 23, 127.92, 1380, 877, 77, Not Active
1787024262,0, 25143, 100, 23, 119.85, 1380, 877, 78, Not Active
1787024263,0, 25143, 100, 22, 155.28, 1380, 877, 78, Not Active
1787024264,0, 25143, 99, 22, 180.64, 1372, 877, 78, Active
1787024265,0, 25143, 100, 20, 193.07, 1380, 877, 78, Not Active
1787024266,0, 25143, 100, 24, 262.28, 1380, 877, 78, Not Active
1787024267,0, 25143, 100, 22, 123.80, 1380, 877, 78, Not Active
1787024269,0, 25143, 100, 23, 181.22, 1380, 877, 78, Not Active
1787024270,0, 25143, 100, 22, 182.58, 1380, 877, 78, Not Active
1787024271,0, 25143, 96, 15, 66.38, 1380, 877, 76, Not Active
1787024272,0, 25143, 100, 23, 180.25, 1372, 877, 78, Active
1787024273,0, 25143, 100, 23, 200.98, 1372, 877, 78, Not Active
1787024274,0, 25143, 100, 21, 125.21, 1380, 877, 77, Not Active
1787024275,0, 25143, 100, 22, 179.10, 1380, 877, 78, Not Active
1787024276,0, 25143, 100, 24, 189.17, 1380, 877, 78, Not Active
1787024277,0, 25143, 100, 20, 200.68, 1380, 877, 78, Not Active
1787024278,0, 25143, 100, 23, 220.03, 1380, 877, 78, Not Active
1787024279,0, 25143, 100, 23, 261.39, 1380, 877, 78, Not Active
1787024280,0, 25143, 100, 23, 123.22, 1380, 877, 78, Not Active
1787024281,0, 25143, 100, 20, 122.38, 1380, 877, 78, Not Active
1787024282,0, 25143, 100, 22, 180.27, 1380, 877, 78, Not Active
1787024284,0, 25143, 100, 14, 128.72, 1380, 877, 75, Not Active
1787024285,0, 25143, 100, 22, 175.46, 1365, 877, 78, Not Active
1787024286,0, 25143, 100, 20, 190.83, 1372, 877, 78, Not Active
1787024287,0, 25143, 100, 23, 86.38, 1380, 877, 78, Not Active
1787024288,0, 25143, 100, 23, 132.93, 1380, 877, 78, Not Active
1787024289,0, 25143, 100, 23, 184.14, 1372, 877, 78, Active
1787024290,0, 25143, 99, 20, 186.58, 1380, 877, 78, Not Active
1787024291,0, 25143, 100, 24, 235.96, 1365, 877, 78, Active
1787024292,0, 25143, 100, 22, 119.94, 1380, 877, 78, Not Active
1787024293,0, 25143, 100, 22, 181.25, 1380, 877, 78, Not Active
1787024294,0, 25143, 100, 22, 178.71, 1350, 877, 78, Not Active
1787024295,0, 25143, 100, 22, 241.45, 1365, 877, 78, Active
1787024296,0, 25143, 67, 11, 156.19, 1380, 877, 76, Not Active
1787024297,0, 25143, 100, 21, 119.55, 1380, 877, 77, Not Active
1787024299,0, 25143, 100, 23, 182.10, 1380, 877, 78, Not Active
1787024300,0, 25143, 100, 21, 175.07, 1365, 877, 78, Not Active
1787024301,0, 25143, 100, 22, 225.93, 1380, 877, 78, Not Active
1787024302,0, 25143, 100, 22, 126.73, 1380, 877, 78, Not Active
1787024303,0, 25143, 100, 18, 184.63, 1380, 877, 78, Not Active
1787024304,0, 25143, 100, 22, 199.23, 1372, 877, 78, Not Active
1787024305,0, 25143, 100, 22, 224.29, 1380, 877, 78, Not Active
1787024306,0, 25143, 99, 22, 182.02, 1372, 877, 78, Active
1787024307,0, 25143, 100, 23, 184.04, 1372, 877, 78, Active
1787024308,0, 25143, 100, 23, 253.34, 1380, 877, 78, Not Active
1787024309,0, 25143, 64, 7, 80.22, 1380, 877, 77, Not Active
1787024310,0, 25143, 100, 22, 178.20, 1372, 877, 77, Active
1787024311,0, 25143, 100, 23, 187.71, 1380, 877, 78, Not Active
1787024312,0, 25143, 100, 22, 248.95, 1380, 877, 78, Not Active
1787024314,0, 25143, 100, 20, 179.56, 1372, 877, 78, Active
1787024315,0, 25143, 100, 22, 185.38, 1365, 877, 78, Not Active
1787024316,0, 25143, 100, 24, 251.95, 1380, 877, 77, Not Active
1787024317,0, 25143, 100, 19, 181.41, 1372, 877, 78, Active
1787024318,0, 25143, 100, 22, 183.36, 1365, 877, 78, Not Active
1787024319,0, 25143, 100, 22, 107.27, 1380, 877, 77, Not Active
1787024320,0, 25143, 100, 24, 179.76, 1372, 877, 78, Active
1787024321,0, 25143, 100, 18, 208.34, 1342, 877, 78, Active
1787024322,0, 25143, 54, 7, 184.63, 1380, 877, 77, Not Active
1787024323,0, 25143, 96, 22, 184.04, 1380, 877, 77, Not Active
1787024324,0, 25143, 100, 19, 182.02, 1372, 877, 78, Active
1787024325,0, 25143, 100, 23, 215.52, 1380, 877, 77, Not Active
1787024326,0, 25143, 100, 22, 182.88, 1380, 877, 78, Not Active
1787024327,0, 25143, 100, 24, 252.94, 1380, 877, 77, Not Active
1787024328,0, 25143, 100, 18, 163.81, 1380, 877, 78, Not Active
1787024330,0, 25143, 100, 18, 235.03, 1365, 877, 78, Active
1787024331,0, 25143, 100, 22, 126.73, 1380, 877, 77, Not Active
1787024332,0, 25143, 100, 24, 178.09, 1372, 877, 78, Active
1787024333,0, 25143, 100, 23, 247.19, 1380, 877, 78, Not Active
1787024334,0, 25143, 100, 23, 165.95, 1380, 877, 78, Not Active
1787024335,0, 25143, 100, 24, 180.47, 1372, 877, 78, Active
1787024336,0, 25143, 100, 14, 102.24, 1380, 877, 76, Not Active
1787024337,0, 25143, 100, 22, 181.90, 1372, 877, 77, Active
1787024338,0, 25143, 100, 21, 180.17, 1372, 877, 78, Not Active
1787024339,0, 25143, 100, 22, 264.28, 1380, 877, 77, Not Active
1787024340,0, 25143, 100, 23, 183.07, 1380, 877, 78, Not Active
1787024341,0, 25143, 100, 22, 239.09, 1380, 877, 77, Not Active
1787024342,0, 25143, 100, 22, 181.54, 1380, 877, 78, Not Active
1787024343,0, 25143, 100, 22, 215.69, 1365, 877, 78, Active
1787024345,0, 25143, 100, 22, 120.33, 1380, 877, 77, Not Active
1787024346,0, 25143, 100, 24, 187.81, 1380, 877, 78, Not Active
1787024347,0, 25143, 100, 25, 114.11, 1380, 877, 77, Not Active
1787024348,0, 25143, 100, 19, 181.12, 1372, 877, 78, Not Active
1787024349,0, 25143, 80, 14, 176.02, 1380, 877, 77, Not Active
1787024350,0, 25143, 72, 17, 122.09, 1380, 877, 76, Not Active
1787024351,0, 25143, 100, 25, 181.34, 1372, 877, 77, Active
1787024352,0, 25143, 100, 22, 254.38, 1380, 877, 77, Not Active
1787024353,0, 25143, 100, 20, 185.92, 1380, 877, 77, Not Active
1787024354,0, 25143, 100, 20, 260.63, 1380, 877, 77, Not Active
1787024355,0, 25143, 100, 22, 187.42, 1380, 877, 78, Not Active
1787024356,0, 25143, 100, 22, 218.44, 1380, 877, 77, Not Active
1787024357,0, 25143, 100, 22, 184.73, 1380, 877, 78, Not Active
1787024358,0, 25143, 100, 25, 260.93, 1380, 877, 77, Not Active
1787024360,0, 25143, 100, 25, 182.39, 1380, 877, 77, Not Active
1787024361,0, 25143, 100, 25, 254.75, 1380, 877, 77, Not Active
1787024362,0, 25143, 100, 19, 173.91, 1372, 877, 78, Active
1787024363,0, 25143, 62, 7, 170.43, 1380, 877, 76, Not Active
1787024364,0, 25143, 100, 22, 105.07, 1380, 877, 76, Not Active
1787024365,0, 25143, 100, 22, 186.18, 1380, 877, 77, Not Active
1787024366,0, 25143, 100, 24, 121.41, 1380, 877, 77, Not Active
1787024367,0, 25143, 100, 25, 190.27, 1380, 877, 78, Not Active
1787024368,0, 25143, 100, 25, 128.29, 1380, 877, 77, Not Active
1787024369,0, 25143, 100, 17, 184.56, 1380, 877, 78, Not Active
1787024370,0, 25143, 100, 18, 174.69, 1380, 877, 77, Not Active
1787024371,0, 25143, 100, 21, 194.72, 1380, 877, 78, Not Active
1787024372,0, 25143, 100, 22, 131.51, 1380, 877, 78, Not Active
1787024373,0, 25143, 100, 22, 259.56, 1380, 877, 77, Not Active
1787024374,0, 25143, 100, 22, 188.59, 1380, 877, 78, Not Active
1787024376,0, 25143, 100, 24, 218.09, 1357, 877, 78, Active
1787024377,0, 25143, 99, 15, 170.79, 1380, 877, 75, Not Active
1787024378,0, 25143, 100, 18, 187.03, 1365, 877, 77, Not Active
1787024379,0, 25143, 100, 23, 126.93, 1380, 877, 77, Not Active
1787024380,0, 25143, 100, 22, 173.81, 1365, 877, 77, Not Active
1787024381,0, 25143, 100, 23, 180.14, 1380, 877, 77, Not Active
1787024382,0, 25143, 100, 22, 260.53, 1380, 877, 78, Not Active
1787024383,0, 25143, 100, 22, 185.18, 1380, 877, 78, Not Active
1787024384,0, 25143, 100, 22, 119.07, 1380, 877, 77, Not Active
1787024385,0, 25143, 100, 23, 180.76, 1372, 877, 78, Active
1787024386,0, 25143, 100, 23, 130.24, 1380, 877, 77, Not Active
1787024387,0, 25143, 100, 23, 196.28, 1380, 877, 78, Not Active
1787024388,0, 25143, 100, 23, 179.59, 1372, 877, 77, Active
1787024389,0, 25143, 100, 25, 79.45, 1380, 877, 77, Not Active
1787024391,0, 25143, 61, 10, 73.22, 1380, 877, 75, Not Active
1787024392,0, 25143, 100, 25, 196.60, 1380, 877, 77, Not Active
1787024393,0, 25143, 100, 19, 187.23, 1380, 877, 77, Not Active
1787024394,0, 25143, 100, 23, 117.33, 1380, 877, 77, Not Active
1787024395,0, 25143, 100, 25, 255.81, 1365, 877, 77, Active
1787024396,0, 25143, 100, 24, 180.86, 1372, 877, 77, Active
1787024397,0, 25143, 100, 25, 124.00, 1380, 877, 77, Not Active
1787024398,0, 25143, 100, 25, 207.07, 1365, 877, 77, Active
1787024399,0, 25143, 100, 20, 179.85, 1380, 877, 77, Not Active
1787024400,0, 25143, 100, 18, 81.90, 1380, 877, 77, Not Active
1787024401,0, 25143, 100, 18, 175.07, 1365, 877, 77, Not Active
1787024402,0, 25143, 100, 22, 120.33, 1380, 877, 77, Not Active
1787024403,0, 25143, 100, 22, 66.48, 1380, 877, 76, Not Active
1787024404,0, 25143, 78, 12, 65.89, 1380, 877, 75, Not Active
1787024405,0, 25143, 100, 24, 256.20, 1380, 877, 77, Not Active
1787024407,0, 25143, 100, 18, 180.76, 1372, 877, 77, Active
1787024408,0, 25143, 100, 22, 129.07, 1380, 877, 77, Not Active
1787024409,0, 25143, 100, 18, 240.84, 1380, 877, 77, Not Active
1787024410,0, 25143, 100, 22, 181.41, 1372, 877, 77, Active
1787024411,0, 25143, 100, 22, 122.83, 1380, 877, 77, Not Active
1787024412,0, 25143, 100, 15, 252.26, 1380, 877, 77, Not Active
1787024413,0, 25143, 100, 18, 178.71, 1372, 877, 77, Not Active
1787024414,0, 25143, 100, 22, 109.23, 1380, 877, 77, Not Active
1787024415,0, 25143, 100, 18, 205.12, 1380, 877, 77, Not Active
1787024416,0, 25143, 100, 16, 181.41, 1372, 877, 77, Active
1787024417,0, 25143, 100, 17, 92.92, 1380, 877, 76, Not Active
1787024418,0, 25143, 78, 13, 101.94, 1380, 877, 75, Not Active
1787024419,0, 25143, 100, 19, 128.39, 1380, 877, 77, Not Active
1787024420,0, 25143, 100, 16, 256.46, 1365, 877, 77, Active
1787024422,0, 25143, 100, 18, 180.66, 1380, 877, 77, Not Active
1787024423,0, 25143, 100, 25, 124.33, 1380, 877, 77, Not Active
1787024424,0, 25143, 100, 22, 191.12, 1342, 877, 77, Active
1787024425,0, 25143, 100, 17, 180.27, 1380, 877, 77, Not Active
1787024426,0, 25143, 100, 25, 116.94, 1380, 877, 76, Not Active
1787024427,0, 25143, 100, 25, 196.60, 1372, 877, 77, Active
1787024428,0, 25143, 100, 24, 160.45, 1380, 877, 77, Not Active
1787024429,0, 25143, 100, 22, 115.38, 1380, 877, 77, Not Active
1787024430,0, 25143, 100, 23, 184.95, 1372, 877, 77, Active
1787024431,0, 25143, 100, 22, 181.73, 1380, 877, 77, Not Active
1787024432,0, 25143, 62, 5, 187.42, 1380, 877, 76, Not Active
1787024433,0, 25143, 100, 23, 180.15, 1372, 877, 77, Active
1787024434,0, 25143, 100, 22, 181.90, 1380, 877, 77, Not Active
1787024435,0, 25143, 100, 22, 105.52, 1380, 877, 76, Not Active
1787024437,0, 25143, 100, 20, 215.17, 1350, 877, 77, Active
1787024438,0, 25143, 100, 19, 184.82, 1380, 877, 77, Not Active
1787024439,0, 25143, 100, 17, 177.64, 1372, 877, 77, Active
1787024440,0, 25143, 100, 25, 164.35, 1380, 877, 76, Not Active
1787024441,0, 25143, 100, 24, 184.21, 1357, 877, 77, Not Active
1787024442,0, 25143, 100, 21, 184.92, 1380, 877, 77, Not Active
1787024443,0, 25143, 100, 22, 168.38, 1380, 877, 77, Not Active
1787024444,0, 25143, 100, 22, 199.45, 1380, 877, 76, Not Active
1787024445,0, 25143, 100, 18, 177.93, 1372, 877, 77, Not Active
1787024446,0, 25143, 61, 8, 184.04, 1380, 877, 76, Not Active
1787024447,0, 25143, 100, 15, 232.93, 1380, 877, 76, Not Active
1787024448,0, 25143, 100, 17, 177.15, 1365, 877, 77, Not Active
1787024449,0, 25143, 100, 20, 175.56, 1372, 877, 77, Active
1787024450,0, 25143, 100, 22, 181.22, 1380, 877, 77, Not Active
1787024452,0, 25143, 100, 22, 107.47, 1380, 877, 76, Not Active
1787024453,0, 25143, 100, 21, 186.76, 1365, 877, 77, Not Active
1787024454,0, 25143, 100, 18, 178.03, 1372, 877, 77, Active
1787024455,0, 25143, 100, 20, 191.64, 1380, 877, 77, Not Active
1787024456,0, 25143, 100, 25, 121.80, 1380, 877, 76, Not Active
1787024457,0, 25143, 100, 21, 153.98, 1380, 877, 76, Not Active
1787024458,0, 25143, 100, 21, 200.98, 1365, 877, 77, Not Active
1787024459,0, 25143, 100, 22, 186.54, 1380, 877, 77, Not Active
1787024460,0, 25143, 91, 15, 66.38, 1380, 877, 75, Not Active
1787024461,0, 25143, 100, 16, 256.89, 1372, 877, 76, Active
1787024462,0, 25143, 100, 16, 178.78, 1380, 877, 77, Not Active
1787024463,0, 25143, 100, 26, 138.41, 1380, 877, 77, Not Active
1787024464,0, 25143, 99, 21, 119.55, 1380, 877, 76, Not Active
1787024465,0, 25143, 100, 22, 217.48, 1342, 877, 77, Active
1787024467,0, 25143, 100, 22, 178.42, 1372, 877, 77, Active
1787024468,0, 25143, 99, 18, 181.63, 1380, 877, 77, Not Active
1787024469,0, 25143, 100, 21, 131.02, 1380, 877, 77, Not Active
1787024470,0, 25143, 100, 15, 227.96, 1380, 877, 76, Not Active
1787024471,0, 25143, 100, 16, 230.72, 1380, 877, 76, Not Active
1787024472,0, 25143, 100, 22, 177.15, 1372, 877, 77, Active
1787024473,0, 25143, 100, 19, 180.66, 1380, 877, 77, Not Active
1787024474,0, 25143, 100, 16, 123.07, 1380, 877, 77, Not Active
1787024475,0, 25143, 63, 10, 170.62, 1380, 877, 76, Not Active
1787024476,0, 25143, 100, 18, 185.11, 1380, 877, 76, Not Active
1787024477,0, 25143, 100, 25, 178.09, 1372, 877, 77, Active
1787024478,0, 25143, 100, 21, 177.41, 1380, 877, 77, Not Active
1787024479,0, 25143, 100, 22, 130.73, 1380, 877, 76, Not Active
1787024480,0, 25143, 100, 17, 181.51, 1380, 877, 76, Not Active
1787024482,0, 25143, 100, 24, 236.46, 1365, 877, 77, Active
1787024483,0, 25143, 100, 22, 197.38, 1380, 877, 77, Not Active
1787024484,0, 25143, 100, 22, 180.34, 1372, 877, 77, Active
1787024485,0, 25143, 100, 19, 183.68, 1380, 877, 77, Not Active
1787024486,0, 25143, 100, 25, 172.25, 1380, 877, 77, Not Active
1787024487,0, 25143, 100, 23, 119.85, 1380, 877, 76, Not Active
1787024488,0, 25143, 100, 21, 207.60, 1380, 877, 76, Not Active
1787024489,0, 25143, 61, 8, 181.02, 1380, 877, 76, Not Active
1787024490,0, 25143, 100, 14, 183.26, 1380, 877, 76, Not Active
1787024491,0, 25143, 100, 24, 182.22, 1380, 877, 77, Not Active
1787024492,0, 25143, 100, 22, 184.82, 1380, 877, 77, Not Active
1787024493,0, 25143, 99, 17, 180.27, 1380, 877, 76, Not Active
1787024494,0, 25143, 100, 25, 122.97, 1380, 877, 77, Not Active
1787024495,0, 25143, 100, 25, 145.65, 1380, 877, 76, Not Active
1787024496,0, 25143, 100, 22, 152.65, 1380, 877, 75, Not Active
1787024498,0, 25143, 100, 15, 189.56, 1365, 877, 77, Not Active
1787024499,0, 25143, 100, 25, 186.70, 1380, 877, 77, Not Active
1787024500,0, 25143, 100, 21, 183.97, 1380, 877, 77, Not Active
1787024501,0, 25143, 100, 18, 177.31, 1372, 877, 77, Active
1787024502,0, 25143, 100, 19, 178.03, 1372, 877, 77, Active
1787024503,0, 25143, 100, 22, 136.85, 1380, 877, 77, Not Active
1787024504,0, 25143, 60, 6, 130.62, 1380, 877, 75, Not Active
1787024505,0, 25143, 100, 14, 201.03, 1380, 877, 76, Not Active
1787024506,0, 25143, 100, 24, 207.75, 1380, 877, 77, Not Active
1787024507,0, 25143, 100, 24, 179.78, 1372, 877, 77, Active
1787024508,0, 25143, 100, 22, 177.62, 1372, 877, 77, Active
1787024509,0, 25143, 100, 17, 178.23, 1372, 877, 77, Not Active
1787024510,0, 25143, 100, 25, 187.42, 1380, 877, 77, Not Active
1787024511,0, 25143, 100, 22, 178.09, 1380, 877, 77, Not Active
1787024513,0, 25143, 100, 20, 176.44, 1380, 877, 77, Not Active
1787024514,0, 25143, 100, 26, 119.38, 1380, 877, 76, Not Active
1787024515,0, 25143, 99, 21, 120.92, 1380, 877, 76, Not Active
1787024516,0, 25143, 100, 22, 116.64, 1380, 877, 76, Not Active
1787024517,0, 25143, 100, 20, 240.45, 1380, 877, 76, Not Active
1787024518,0, 25143, 100, 25, 72.25, 1380, 877, 76, Not Active
1787024519,0, 25143, 61, 6, 122.66, 1380, 877, 75, Not Active
1787024520,0, 25143, 100, 18, 184.34, 1380, 877, 76, Not Active
1787024521,0, 25143, 100, 21, 176.44, 1365, 877, 76, Not Active
1787024522,0, 25143, 100, 21, 175.27, 1372, 877, 76, Active
1787024523,0, 25143, 100, 19, 175.27, 1372, 877, 76, Not Active
1787024524,0, 25143, 100, 18, 179.30, 1372, 877, 76, Active
1787024525,0, 25143, 100, 22, 181.25, 1380, 877, 77, Not Active
1787024526,0, 25143, 100, 19, 179.46, 1380, 877, 76, Not Active
1787024527,0, 25143, 100, 18, 186.93, 1380, 877, 77, Not Active
1787024529,0, 25143, 100, 22, 177.84, 1372, 877, 77, Active
1787024530,0, 25143, 100, 21, 181.90, 1380, 877, 76, Not Active
1787024531,0, 25143, 100, 16, 178.00, 1380, 877, 77, Not Active
1787024532,0, 25143, 100, 21, 177.00, 1380, 877, 77, Not Active
1787024533,0, 25143, 69, 10, 178.59, 1380, 877, 75, Not Active
1787024534,0, 25143, 47, 5, 64.34, 1380, 877, 74, Not Active
1787024535,0, 25143, 100, 24, 119.36, 1380, 877, 76, Not Active
1787024536,0, 25143, 100, 22, 104.58, 1380, 877, 76, Not Active
1787024537,0, 25143, 100, 21, 105.75, 1380, 877, 75, Not Active
1787024538,0, 25143, 100, 18, 124.58, 1380, 877, 76, Not Active
1787024539,0, 25143, 100, 25, 120.33, 1380, 877, 76, Not Active
1787024540,0, 25143, 100, 22, 123.42, 1380, 877, 76, Not Active
1787024541,0, 25143, 100, 22, 181.12, 1380, 877, 76, Not Active
1787024542,0, 25143, 100, 21, 130.44, 1380, 877, 76, Not Active
1787024543,0, 25143, 100, 26, 120.33, 1380, 877, 76, Not Active
1787024545,0, 25143, 100, 21, 147.61, 1380, 877, 76, Not Active
1787024546,0, 25143, 100, 18, 140.83, 1380, 877, 76, Not Active
1787024547,0, 25143, 100, 23, 145.37, 1380, 877, 76, Not Active
1787024548,0, 25143, 54, 7, 180.64, 1380, 877, 75, Not Active
1787024549,0, 25143, 47, 4, 65.21, 1380, 877, 73, Not Active
1787024550,0, 25143, 100, 24, 117.23, 1380, 877, 75, Not Active
1787024551,0, 25143, 100, 22, 118.48, 1380, 877, 76, Not Active
1787024552,0, 25143, 100, 26, 116.16, 1380, 877, 76, Not Active
1787024553,0, 25143, 100, 22, 159.28, 1380, 877, 76, Not Active
1787024554,0, 25143, 100, 18, 129.07, 1380, 877, 76, Not Active
1787024555,0, 25143, 100, 23, 121.90, 1380, 877, 75, Not Active
1787024556,0, 25143, 100, 20, 181.15, 1380, 877, 76, Not Active
1787024557,0, 25143, 100, 25, 176.63, 1380, 877, 76, Not Active
1787024558,0, 25143, 100, 22, 179.53, 1380, 877, 76, Not Active
1787024559,0, 25143, 100, 17, 178.01, 1372, 877, 76, Active
1787024561,0, 25143, 100, 22, 175.77, 1372, 877, 76, Active
1787024562,0, 25143, 100, 22, 181.44, 1380, 877, 77, Not Active
1787024563,0, 25143, 37, 3, 85.27, 1380, 877, 74, Not Active
1787024564,0, 25143, 100, 16, 67.55, 1380, 877, 74, Not Active
1787024565,0, 25143, 100, 16, 178.71, 1380, 877, 76, Not Active
1787024566,0, 25143, 100, 21, 186.38, 1380, 877, 76, Not Active
1787024567,0, 25143, 100, 22, 175.56, 1372, 877, 76, Active
1787024568,0, 25143, 100, 25, 182.00, 1380, 877, 76, Not Active
1787024569,0, 25143, 100, 22, 179.88, 1372, 877, 76, Active
1787024570,0, 25143, 100, 20, 177.06, 1372, 877, 76, Active
1787024571,0, 25143, 100, 22, 181.54, 1365, 877, 76, Not Active
1787024572,0, 25143, 100, 19, 187.05, 1372, 877, 76, Not Active
1787024573,0, 25143, 100, 22, 196.67, 1365, 877, 77, Not Active
1787024574,0, 25143, 100, 19, 225.36, 1380, 877, 75, Not Active
1787024576,0, 25143, 100, 22, 207.87, 1380, 877, 75, Not Active
1787024577,0, 25143, 100, 16, 209.21, 1380, 877, 76, Not Active
1787024578,0, 25143, 100, 24, 111.90, 1380, 877, 76, Not Active
1787024579,0, 25143, 71, 10, 186.28, 1380, 877, 75, Not Active
1787024580,0, 25143, 100, 24, 108.19, 1380, 877, 75, Not Active
1787024581,0, 25143, 100, 21, 125.85, 1380, 877, 76, Not Active
1787024582,0, 25143, 100, 16, 140.15, 1380, 877, 76, Not Active
1787024583,0, 25143, 100, 21, 174.88, 1372, 877, 76, Active
1787024584,0, 25143, 100, 16, 179.79, 1372, 877, 76, Active
1787024585,0, 25143, 100, 21, 178.48, 1372, 877, 76, Active
1787024586,0, 25143, 100, 22, 256.58, 1380, 877, 76, Not Active
1787024587,0, 25143, 100, 22, 255.08, 1380, 877, 76, Not Active
1787024588,0, 25143, 100, 20, 180.20, 1380, 877, 75, Not Active
1787024589,0, 25143, 100, 21, 119.75, 1380, 877, 76, Not Active
1787024591,0, 25143, 100, 15, 181.63, 1380, 877, 76, Not Active
1787024592,0, 25143, 100, 21, 178.48, 1372, 877, 76, Active
1787024593,0, 25143, 100, 14, 178.09, 1380, 877, 76, Not Active
1787024594,0, 25143, 59, 6, 172.42, 1380, 877, 74, Not Active
1787024595,0, 25143, 100, 15, 183.58, 1380, 877, 76, Not Active
1787024596,0, 25143, 100, 25, 179.20, 1372, 877, 76, Not Active
1787024597,0, 25143, 100, 17, 206.97, 1380, 877, 76, Not Active
1787024598,0, 25143, 99, 22, 96.10, 1380, 877, 75, Not Active
1787024599,0, 25143, 100, 22, 117.23, 1380, 877, 76, Not Active
1787024600,0, 25143, 100, 23, 142.63, 1380, 877, 76, Not Active
1787024601,0, 25143, 100, 21, 177.54, 1380, 877, 76, Not Active
1787024602,0, 25143, 100, 26, 181.93, 1380, 877, 76, Not Active
1787024603,0, 25143, 100, 22, 190.63, 1380, 877, 77, Not Active
1787024604,0, 25143, 100, 14, 219.89, 1380, 877, 76, Not Active
1787024605,0, 25143, 100, 23, 110.11, 1380, 877, 75, Not Active
1787024607,0, 25143, 100, 21, 124.49, 1380, 877, 76, Not Active
1787024608,0, 25143, 100, 16, 162.54, 1380, 877, 76, Not Active
1787024609,0, 25143, 90, 14, 70.68, 1380, 877, 75, Not Active
1787024610,0, 25143, 52, 13, 183.07, 1380, 877, 75, Not Active
1787024611,0, 25143, 100, 17, 174.98, 1372, 877, 76, Active
1787024612,0, 25143, 100, 22, 178.62, 1372, 877, 76, Not Active
1787024613,0, 25143, 100, 20, 179.59, 1365, 877, 76, Not Active
1787024614,0, 25143, 100, 22, 240.73, 1380, 877, 75, Not Active
1787024615,0, 25143, 100, 27, 115.77, 1380, 877, 75, Not Active
1787024616,0, 25143, 100, 21, 122.77, 1380, 877, 76, Not Active
1787024617,0, 25143, 100, 21, 175.46, 1372, 877, 76, Active
1787024618,0, 25143, 100, 16, 179.40, 1372, 877, 76, Active
1787024619,0, 25143, 100, 25, 178.81, 1372, 877, 76, Not Active
1787024620,0, 25143, 100, 23, 245.31, 1380, 877, 76, Not Active
1787024622,0, 25143, 100, 21, 116.25, 1380, 877, 75, Not Active
1787024623,0, 25143, 100, 26, 185.89, 1380, 877, 76, Not Active
1787024624,0, 25143, 100, 21, 176.96, 1380, 877, 76, Not Active
1787024625,0, 25143, 95, 16, 64.53, 1380, 877, 73, Not Active
1787024626,0, 25143, 100, 19, 178.91, 1365, 877, 76, Not Active
1787024627,0, 25143, 100, 26, 254.60, 1380, 877, 76, Not Active
1787024628,0, 25143, 100, 22, 119.36, 1380, 877, 75, Not Active
1787024629,0, 25143, 100, 22, 170.50, 1380, 877, 76, Not Active
1787024630,0, 25143, 100, 17, 190.83, 1380, 877, 76, Not Active
1787024631,0, 25143, 100, 21, 187.71, 1380, 877, 76, Not Active
1787024632,0, 25143, 100, 15, 196.42, 1380, 877, 75, Not Active
1787024633,0, 25143, 100, 22, 117.60, 1380, 877, 75, Not Active
1787024634,0, 25143, 100, 25, 159.67, 1380, 877, 76, Not Active
1787024635,0, 25143, 100, 21, 177.06, 1380, 877, 76, Not Active
1787024636,0, 25143, 100, 23, 177.35, 1365, 877, 76, Not Active
1787024638,0, 25143, 100, 21, 232.80, 1357, 877, 77, Active
1787024639,0, 25143, 100, 21, 155.37, 1380, 877, 75, Not Active
1787024640,0, 25143, 87, 13, 65.50, 1380, 877, 74, Not Active
1787024641,0, 25143, 42, 7, 182.29, 1380, 877, 75, Not Active
1787024642,0, 25143, 100, 22, 184.63, 1380, 877, 76, Not Active
1787024643,0, 25143, 100, 18, 198.35, 1372, 877, 76, Active
1787024644,0, 25143, 100, 21, 144.78, 1380, 877, 75, Not Active
1787024645,0, 25143, 100, 22, 183.56, 1380, 877, 76, Not Active
1787024646,0, 25143, 100, 14, 179.47, 1380, 877, 76, Not Active
1787024647,0, 25143, 100, 21, 196.60, 1380, 877, 76, Not Active
1787024648,0, 25143, 100, 23, 119.55, 1380, 877, 75, Not Active
1787024649,0, 25143, 100, 18, 178.88, 1380, 877, 76, Not Active
1787024650,0, 25143, 100, 21, 179.69, 1372, 877, 76, Active
1787024651,0, 25143, 100, 16, 190.34, 1380, 877, 76, Not Active
1787024653,0, 25143, 100, 16, 260.00, 1380, 877, 76, Not Active
1787024654,0, 25143, 100, 23, 118.77, 1380, 877, 75, Not Active
1787024655,0, 25143, 100, 18, 177.41, 1380, 877, 76, Not Active
1787024656,0, 25143, 59, 6, 178.69, 1380, 877, 74, Not Active
1787024657,0, 25143, 100, 19, 183.75, 1372, 877, 75, Active
1787024658,0, 25143, 100, 22, 230.09, 1380, 877, 75, Not Active
1787024659,0, 25143, 100, 25, 128.68, 1380, 877, 76, Not Active
1787024660,0, 25143, 99, 12, 181.05, 1380, 877, 76, Not Active
1787024661,0, 25143, 100, 23, 194.23, 1380, 877, 76, Not Active
1787024662,0, 25143, 100, 25, 232.24, 1380, 877, 75, Not Active
1787024663,0, 25143, 100, 21, 131.59, 1380, 877, 76, Not Active
1787024664,0, 25143, 100, 21, 174.68, 1372, 877, 76, Active
1787024665,0, 25143, 100, 21, 218.34, 1342, 877, 76, Active
1787024666,0, 25143, 100, 21, 131.31, 1380, 877, 76, Not Active
1787024667,0, 25143, 100, 21, 187.03, 1380, 877, 76, Not Active
1787024669,0, 25143, 100, 14, 178.01, 1372, 877, 76, Not Active
1787024670,0, 25143, 100, 23, 205.22, 1372, 877, 76, Active
1787024671,0, 25143, 100, 18, 115.28, 1380, 877, 76, Not Active
1787024672,0, 25143, 59, 6, 175.86, 1380, 877, 74, Not Active
1787024673,0, 25143, 100, 18, 180.34, 1380, 877, 75, Not Active
1787024674,0, 25143, 100, 26, 193.49, 1380, 877, 76, Not Active
1787024675,0, 25143, 100, 21, 115.67, 1380, 877, 75, Not Active
1787024676,0, 25143, 100, 55, 150.69, 1380, 877, 75, Not Active
1787024677,0, 25143, 0, 0, 62.28, 1380, 877, 71, Not Active
1787024678,0, 25143, 100, 14, 179.37, 1380, 877, 74, Not Active
1787024679,0, 25143, 100, 21, 186.18, 1372, 877, 75, Active
1787024680,0, 25143, 100, 24, 162.14, 1380, 877, 75, Not Active
1787024681,0, 25143, 97, 15, 178.91, 1380, 877, 74, Not Active
1787024682,0, 25145, 57, 5, 228.33, 1380, 877, 73, Not Active
1787024684,0, 25145, 94, 75, 228.08, 1380, 877, 75, Not Active
1787024685,0, 25145, 96, 77, 230.49, 1380, 877, 76, Not Active
1787024686,0, 25145, 96, 77, 220.86, 1380, 877, 76, Not Active
1787024687,0, 25145, 96, 76, 224.65, 1380, 877, 77, Not Active
1787024688,0, 25145, 96, 77, 233.94, 1380, 877, 77, Not Active
1787024689,0, 25145, 96, 77, 229.52, 1380, 877, 77, Not Active
1787024690,0, 25145, 96, 77, 228.65, 1380, 877, 77, Not Active
1787024691,0, 25145, 94, 74, 228.35, 1380, 877, 78, Not Active
1787024692,0, 25145, 96, 77, 222.61, 1380, 877, 78, Not Active
1787024693,0, 25145, 0, 0, 62.87, 1380, 877, 73, Not Active
1787024694,0, 25145, 0, 0, 61.79, 1380, 877, 72, Not Active
1787024695,0, 25145, 0, 0, 61.31, 1380, 877, 71, Not Active
1787024696,0, 25145, 0, 0, 60.03, 1380, 877, 70, Not Active
1787024697,0, 25145, 0, 0, 59.64, 1380, 877, 70, Not Active
1787024698,0, 25145, 0, 0, 59.47, 1380, 877, 69, Not Active
1787024700,0, 25145, 0, 0, 59.25, 1380, 877, 69, Not Active
1787024701,0, 25145, 0, 0, 58.96, 1380, 877, 68, Not Active
1787024702,0, 25145, 0, 0, 58.59, 1380, 877, 68, Not Active
1787024703,0, 25145, 0, 0, 58.49, 1380, 877, 68, Not Active
1787024704,0, 25145, 0, 0, 58.20, 1380, 877, 67, Not Active
1787024705,0, 25145, 0, 0, 58.00, 1380, 877, 67, Not Active
1787024706,0, 25145, 0, 0, 57.71, 1380, 877, 67, Not Active
1787024707,0, 25145, 0, 0, 57.51, 1380, 877, 66, Not Active
1787024708,0, 25145, 0, 0, 57.42, 1380, 877, 66, Not Active
1787024709,0, 25145, 0, 0, 57.12, 1380, 877, 66, Not Active
1787024710,0, 25145, 0, 0, 57.02, 1380, 877, 66, Not Active
1787024711,0, 25145, 0, 0, 56.83, 1380, 877, 65, Not Active
1787024712,0, 25145, 0, 0, 56.63, 1380, 877, 65, Not Active
1787024713,0, 25145, 0, 0, 56.53, 1380, 877, 65, Not Active
1787024714,0, 25145, 0, 0, 56.34, 1380, 877, 64, Not Active
1787024716,0, 25145, 0, 0, 56.14, 1380, 877, 64, Not Active
1787024717,0, 25145, 0, 0, 56.04, 1380, 877, 64, Not Active
1787024718,0, 25145, 0, 0, 55.85, 1380, 877, 64, Not Active
1787024719,0, 25145, 0, 0, 55.65, 1380, 877, 63, Not Active
1787024720,0, 25145, 0, 0, 55.46, 1380, 877, 63, Not Active
1787024721,0, 25145, 0, 0, 55.36, 1380, 877, 63, Not Active
1787024722,0, 25145, 0, 0, 55.26, 1380, 877, 63, Not Active
1787024723,0, 25145, 0, 0, 55.07, 1380, 877, 63, Not Active
1787024724,0, 25145, 0, 0, 54.97, 1380, 877, 62, Not Active
1787024725,0, 25145, 89, 71, 204.72, 1380, 877, 66, Not Active
1787024726,0, 25145, 96, 76, 182.18, 1380, 877, 68, Not Active
1787024727,0, 25145, 96, 76, 186.56, 1380, 877, 69, Not Active
1787024728,0, 25145, 96, 77, 196.00, 1380, 877, 69, Not Active
1787024729,0, 25145, 94, 76, 216.79, 1380, 877, 70, Not Active
1787024730,0, 25145, 96, 76, 225.35, 1380, 877, 70, Not Active
1787024732,0, 25145, 96, 76, 224.74, 1380, 877, 70, Not Active
1787024733,0, 25145, 94, 75, 214.34, 1380, 877, 71, Not Active
1787024734,0, 25145, 96, 76, 218.99, 1380, 877, 71, Not Active
1787024735,0, 25145, 52, 31, 59.74, 1380, 877, 69, Not Active
1787024736,0, 25145, 0, 0, 58.00, 1380, 877, 66, Not Active
1787024737,0, 25145, 0, 0, 56.73, 1380, 877, 65, Not Active
1787024738,0, 25145, 0, 0, 56.53, 1380, 877, 65, Not Active
1787024739,0, 25145, 0, 0, 56.15, 1380, 877, 64, Not Active
1787024740,0, 25145, 0, 0, 56.05, 1380, 877, 64, Not Active
1787024741,0, 25145, 0, 0, 55.76, 1380, 877, 64, Not Active
1787024742,0, 25145, 0, 0, 55.66, 1380, 877, 63, Not Active
1787024743,0, 25145, 0, 0, 55.46, 1380, 877, 63, Not Active
1787024744,0, 25145, 0, 0, 55.27, 1380, 877, 63, Not Active
1787024745,0, 25145, 0, 0, 55.27, 1380, 877, 63, Not Active
1787024746,0, 25145, 0, 0, 54.98, 1380, 877, 62, Not Active
1787024748,0, 25145, 0, 0, 54.88, 1380, 877, 62, Not Active
1787024749,0, 25145, 0, 0, 54.78, 1380, 877, 62, Not Active
1787024750,0, 25145, 0, 0, 54.68, 1380, 877, 62, Not Active
1787024751,0, 25145, 28, 1, 54.49, 1380, 877, 61, Not Active
1787024752,0, 25145, 56, 1, 237.52, 1380, 877, 64, Not Active
1787024753,0, 25145, 93, 74, 218.07, 1380, 877, 66, Not Active
1787024754,0, 25145, 96, 76, 210.59, 1380, 877, 67, Not Active
1787024755,0, 25145, 96, 76, 219.77, 1380, 877, 68, Not Active
1787024756,0, 25145, 96, 76, 217.64, 1380, 877, 69, Not Active
1787024757,0, 25145, 96, 77, 213.05, 1380, 877, 69, Not Active
1787024758,0, 25145, 93, 76, 217.72, 1380, 877, 69, Not Active
1787024759,0, 25145, 96, 77, 214.61, 1380, 877, 70, Not Active
1787024760,0, 25145, 95, 75, 211.15, 1380, 877, 70, Not Active
1787024761,0, 25145, 96, 76, 189.18, 1380, 877, 71, Not Active
